<?xml version="1.0" encoding="UTF-8"?>
<!DOCTYPE mapper
    PUBLIC "-//mybatis.org//DTD Mapper 3.0//EN"
    "http://mybatis.org/dtd/mybatis-3-mapper.dtd">

<mapper namespace="com.javalec.spring_mvc_board_mybatis.dao.IBDao">
    <select id="list" resultType="com.javalec.spring_mvc_board_mybatis.dto.BDto">
        SELECT BID, BNAME, BTITLE, BCONTENT, BDATE, BHIT 
        FROM MVC_BOARD ORDER BY BID DESC
    </select>
    
    <insert id="write">
   		INSERT INTO MVC_BOARD(BID, BNAME, BTITLE, BCONTENT) VALUES(MVC_BOARD_SEQ.NEXTVAL, #{param1},#{param2},#{param3})
    </insert>
    
    <select id="contentView" resultType="com.javalec.spring_mvc_board_mybatis.dto.BDto">
    	SELECT BID, BNAME, BTITLE, BCONTENT, BHIT FROM MVC_BOARD WHERE BID = #{param1}
    </select>
    
    <update id="modify">
    	UPDATE MVC_BOARD SET BNAME = #{param1}, BTITLE = #{param2}, BCONTENT = #{param3} WHERE BID =#{param4}
    </update>
    
    <delete id="delete">
    	DELETE MVC_BOARD WHERE BID = #{param1}
    </delete>
</mapper>
