<?xml version="1.0" encoding="UTF-8"?>
<!DOCTYPE mapper
    PUBLIC "-//mybatis.org//DTD Mapper 3.0//EN"
    "http://mybatis.org/dtd/mybatis-3-mapper.dtd">

<mapper namespace="com.javalec.spring_mvc_board_mybatis_two.dao.IBDao">
    <select id="list" resultType="com.javalec.spring_mvc_board_mybatis_two.dto.BDto">
        SELECT BID, BNAME, BTITLE, BCONTENT, BDATE, BHIT 
        FROM MVC_BOARD ORDER BY BID DESC
    </select>
    
    <insert id="write" parameterType="hashmap">
   		INSERT INTO MVC_BOARD(BID, BNAME, BTITLE, BCONTENT) VALUES(MVC_BOARD_SEQ.NEXTVAL, #{bName},#{bTitle},#{bContent})
    </insert>
    
    <select id="contentView" parameterType="hashmap" resultType="com.javalec.spring_mvc_board_mybatis_two.dto.BDto">
    	SELECT BID, BNAME, BTITLE, BCONTENT, BHIT FROM MVC_BOARD WHERE BID = #{bId}
    </select>
    
    <update id="modify" parameterType="hashmap">
    	UPDATE MVC_BOARD SET BNAME = #{bName}, BTITLE = #{bTitle}, BCONTENT = #{bContent} WHERE BID =#{bId}
    </update>
    
    <delete id="delete" parameterType="hashmap">
    	DELETE MVC_BOARD WHERE BID = #{bId}
    </delete>
</mapper>
